response_id,student_id,assessment_id,question_id,student_answer,is_correct,error_type,created_at
R000001,Student_001,ASM001,Q0040,varies,True,,2025-08-05T00:00:00
R000002,Student_001,ASM001,Q0042,varies,True,,2025-08-05T00:00:00
R000003,Student_001,ASM001,Q0003,varies,True,,2025-08-05T00:00:00
R000004,Student_001,ASM001,Q0049,incorrect_careless,False,careless,2025-08-05T00:00:00
R000005,Student_001,ASM001,Q0051,varies,True,,2025-08-05T00:00:00
R000006,Student_001,ASM001,Q0045,varies,True,,2025-08-05T00:00:00
R000007,Student_001,ASM001,Q0034,incorrect_conceptual,False,conceptual,2025-08-05T00:00:00
R000008,Student_001,ASM001,Q0036,varies,True,,2025-08-05T00:00:00
R000009,Student_001,ASM001,Q0041,varies,True,,2025-08-05T00:00:00
R000010,Student_001,ASM001,Q0028,varies,True,,2025-08-05T00:00:00
R000011,Student_002,ASM001,Q0040,varies,True,,2025-08-05T00:00:00
R000012,Student_002,ASM001,Q0042,varies,True,,2025-08-05T00:00:00
R000013,Student_002,ASM001,Q0003,varies,True,,2025-08-05T00:00:00
R000014,Student_002,ASM001,Q0049,varies,True,,2025-08-05T00:00:00
R000015,Student_002,ASM001,Q0051,varies,True,,2025-08-05T00:00:00
R000016,Student_002,ASM001,Q0045,incorrect_arithmetic,False,arithmetic,2025-08-05T00:00:00
R000017,Student_002,ASM001,Q0034,incorrect_careless,False,careless,2025-08-05T00:00:00
R000018,Student_002,ASM001,Q0036,incorrect_arithmetic,False,arithmetic,2025-08-05T00:00:00
R000019,Student_002,ASM001,Q0041,varies,True,,2025-08-05T00:00:00
R000020,Student_002,ASM001,Q0028,varies,True,,2025-08-05T00:00:00
R000021,Student_003,ASM001,Q0040,varies,True,,2025-08-05T00:00:00
R000022,Student_003,ASM001,Q0042,incorrect_careless,False,careless,2025-08-05T00:00:00
R000023,Student_003,ASM001,Q0003,incorrect_denominator_handling,False,denominator_handling,2025-08-05T00:00:00
R000024,Student_003,ASM001,Q0049,incorrect_arithmetic,False,arithmetic,2025-08-05T00:00:00
R000025,Student_003,ASM001,Q0051,incorrect_unit_conversion,False,unit_conversion,2025-08-05T00:00:00
R000026,Student_003,ASM001,Q0045,incorrect_arithmetic,False,arithmetic,2025-08-05T00:00:00
R000027,Student_003,ASM001,Q0034,varies,True,,2025-08-05T00:00:00
R000028,Student_003,ASM001,Q0036,incorrect_arithmetic,False,arithmetic,2025-08-05T00:00:00
R000029,Student_003,ASM001,Q0041,varies,True,,2025-08-05T00:00:00
R000030,Student_003,ASM001,Q0028,incorrect_careless,False,careless,2025-08-05T00:00:00
R000031,Student_004,ASM001,Q0040,varies,True,,2025-08-05T00:00:00
R000032,Student_004,ASM001,Q0042,varies,True,,2025-08-05T00:00:00
R000033,Student_004,ASM001,Q0003,varies,True,,2025-08-05T00:00:00
R000034,Student_004,ASM001,Q0049,incorrect_careless,False,careless,2025-08-05T00:00:00
R000035,Student_004,ASM001,Q0051,varies,True,,2025-08-05T00:00:00
R000036,Student_004,ASM001,Q0045,incorrect_careless,False,careless,2025-08-05T00:00:00
R000037,Student_004,ASM001,Q0034,incorrect_conceptual,False,conceptual,2025-08-05T00:00:00
R000038,Student_004,ASM001,Q0036,varies,True,,2025-08-05T00:00:00
R000039,Student_004,ASM001,Q0041,varies,True,,2025-08-05T00:00:00
R000040,Student_004,ASM001,Q0028,varies,True,,2025-08-05T00:00:00
R000041,Student_005,ASM001,Q0040,varies,True,,2025-08-05T00:00:00
R000042,Student_005,ASM001,Q0042,varies,True,,2025-08-05T00:00:00
R000043,Student_005,ASM001,Q0003,varies,True,,2025-08-05T00:00:00
R000044,Student_005,ASM001,Q0049,varies,True,,2025-08-05T00:00:00
R000045,Student_005,ASM001,Q0051,varies,True,,2025-08-05T00:00:00
R000046,Student_005,ASM001,Q0045,varies,True,,2025-08-05T00:00:00
R000047,Student_005,ASM001,Q0034,varies,True,,2025-08-05T00:00:00
R000048,Student_005,ASM001,Q0036,varies,True,,2025-08-05T00:00:00
R000049,Student_005,ASM001,Q0041,varies,True,,2025-08-05T00:00:00
R000050,Student_005,ASM001,Q0028,varies,True,,2025-08-05T00:00:00
R000051,Student_006,ASM001,Q0040,varies,True,,2025-08-05T00:00:00
R000052,Student_006,ASM001,Q0042,varies,True,,2025-08-05T00:00:00
R000053,Student_006,ASM001,Q0003,incorrect_arithmetic,False,arithmetic,2025-08-05T00:00:00
R000054,Student_006,ASM001,Q0049,incorrect_unit_conversion,False,unit_conversion,2025-08-05T00:00:00
R000055,Student_006,ASM001,Q0051,incorrect_careless,False,careless,2025-08-05T00:00:00
R000056,Student_006,ASM001,Q0045,varies,True,,2025-08-05T00:00:00
R000057,Student_006,ASM001,Q0034,varies,True,,2025-08-05T00:00:00
R000058,Student_006,ASM001,Q0036,varies,True,,2025-08-05T00:00:00
R000059,Student_006,ASM001,Q0041,varies,True,,2025-08-05T00:00:00
R000060,Student_006,ASM001,Q0028,varies,True,,2025-08-05T00:00:00
R000061,Student_007,ASM001,Q0040,varies,True,,2025-08-05T00:00:00
R000062,Student_007,ASM001,Q0042,varies,True,,2025-08-05T00:00:00
R000063,Student_007,ASM001,Q0003,varies,True,,2025-08-05T00:00:00
R000064,Student_007,ASM001,Q0049,varies,True,,2025-08-05T00:00:00
R000065,Student_007,ASM001,Q0051,varies,True,,2025-08-05T00:00:00
R000066,Student_007,ASM001,Q0045,incorrect_careless,False,careless,2025-08-05T00:00:00
R000067,Student_007,ASM001,Q0034,incorrect_careless,False,careless,2025-08-05T00:00:00
R000068,Student_007,ASM001,Q0036,varies,True,,2025-08-05T00:00:00
R000069,Student_007,ASM001,Q0041,varies,True,,2025-08-05T00:00:00
R000070,Student_007,ASM001,Q0028,incorrect_formula_selection,False,formula_selection,2025-08-05T00:00:00
R000071,Student_008,ASM001,Q0040,varies,True,,2025-08-05T00:00:00
R000072,Student_008,ASM001,Q0042,varies,True,,2025-08-05T00:00:00
R000073,Student_008,ASM001,Q0003,varies,True,,2025-08-05T00:00:00
R000074,Student_008,ASM001,Q0049,incorrect_unit_conversion,False,unit_conversion,2025-08-05T00:00:00
R000075,Student_008,ASM001,Q0051,varies,True,,2025-08-05T00:00:00
R000076,Student_008,ASM001,Q0045,incorrect_arithmetic,False,arithmetic,2025-08-05T00:00:00
R000077,Student_008,ASM001,Q0034,incorrect_careless,False,careless,2025-08-05T00:00:00
R000078,Student_008,ASM001,Q0036,varies,True,,2025-08-05T00:00:00
R000079,Student_008,ASM001,Q0041,varies,True,,2025-08-05T00:00:00
R000080,Student_008,ASM001,Q0028,varies,True,,2025-08-05T00:00:00
R000081,Student_009,ASM001,Q0040,varies,True,,2025-08-05T00:00:00
R000082,Student_009,ASM001,Q0042,varies,True,,2025-08-05T00:00:00
R000083,Student_009,ASM001,Q0003,varies,True,,2025-08-05T00:00:00
R000084,Student_009,ASM001,Q0049,varies,True,,2025-08-05T00:00:00
R000085,Student_009,ASM001,Q0051,incorrect_careless,False,careless,2025-08-05T00:00:00
R000086,Student_009,ASM001,Q0045,varies,True,,2025-08-05T00:00:00
R000087,Student_009,ASM001,Q0034,varies,True,,2025-08-05T00:00:00
R000088,Student_009,ASM001,Q0036,incorrect_conceptual,False,conceptual,2025-08-05T00:00:00
R000089,Student_009,ASM001,Q0041,varies,True,,2025-08-05T00:00:00
R000090,Student_009,ASM001,Q0028,varies,True,,2025-08-05T00:00:00
R000091,Student_010,ASM001,Q0040,varies,True,,2025-08-05T00:00:00
R000092,Student_010,ASM001,Q0042,varies,True,,2025-08-05T00:00:00
R000093,Student_010,ASM001,Q0003,varies,True,,2025-08-05T00:00:00
R000094,Student_010,ASM001,Q0049,incorrect_unit_conversion,False,unit_conversion,2025-08-05T00:00:00
R000095,Student_010,ASM001,Q0051,incorrect_careless,False,careless,2025-08-05T00:00:00
R000096,Student_010,ASM001,Q0045,incorrect_conceptual,False,conceptual,2025-08-05T00:00:00
R000097,Student_010,ASM001,Q0034,incorrect_conceptual,False,conceptual,2025-08-05T00:00:00
R000098,Student_010,ASM001,Q0036,varies,True,,2025-08-05T00:00:00
R000099,Student_010,ASM001,Q0041,incorrect_careless,False,careless,2025-08-05T00:00:00
R000100,Student_010,ASM001,Q0028,varies,True,,2025-08-05T00:00:00
R000101,Student_011,ASM001,Q0040,varies,True,,2025-08-05T00:00:00
R000102,Student_011,ASM001,Q0042,varies,True,,2025-08-05T00:00:00
R000103,Student_011,ASM001,Q0003,varies,True,,2025-08-05T00:00:00
R000104,Student_011,ASM001,Q0049,varies,True,,2025-08-05T00:00:00
R000105,Student_011,ASM001,Q0051,varies,True,,2025-08-05T00:00:00
R000106,Student_011,ASM001,Q0045,varies,True,,2025-08-05T00:00:00
R000107,Student_011,ASM001,Q0034,varies,True,,2025-08-05T00:00:00
R000108,Student_011,ASM001,Q0036,varies,True,,2025-08-05T00:00:00
R000109,Student_011,ASM001,Q0041,varies,True,,2025-08-05T00:00:00
R000110,Student_011,ASM001,Q0028,incorrect_conceptual,False,conceptual,2025-08-05T00:00:00
R000111,Student_012,ASM001,Q0040,varies,True,,2025-08-05T00:00:00
R000112,Student_012,ASM001,Q0042,varies,True,,2025-08-05T00:00:00
R000113,Student_012,ASM001,Q0003,varies,True,,2025-08-05T00:00:00
R000114,Student_012,ASM001,Q0049,varies,True,,2025-08-05T00:00:00
R000115,Student_012,ASM001,Q0051,varies,True,,2025-08-05T00:00:00
R000116,Student_012,ASM001,Q0045,varies,True,,2025-08-05T00:00:00
R000117,Student_012,ASM001,Q0034,varies,True,,2025-08-05T00:00:00
R000118,Student_012,ASM001,Q0036,varies,True,,2025-08-05T00:00:00
R000119,Student_012,ASM001,Q0041,varies,True,,2025-08-05T00:00:00
R000120,Student_012,ASM001,Q0028,varies,True,,2025-08-05T00:00:00
R000121,Student_013,ASM001,Q0040,varies,True,,2025-08-05T00:00:00
R000122,Student_013,ASM001,Q0042,varies,True,,2025-08-05T00:00:00
R000123,Student_013,ASM001,Q0003,varies,True,,2025-08-05T00:00:00
R000124,Student_013,ASM001,Q0049,varies,True,,2025-08-05T00:00:00
R000125,Student_013,ASM001,Q0051,varies,True,,2025-08-05T00:00:00
R000126,Student_013,ASM001,Q0045,varies,True,,2025-08-05T00:00:00
R000127,Student_013,ASM001,Q0034,varies,True,,2025-08-05T00:00:00
R000128,Student_013,ASM001,Q0036,incorrect_conceptual,False,conceptual,2025-08-05T00:00:00
R000129,Student_013,ASM001,Q0041,incorrect_careless,False,careless,2025-08-05T00:00:00
R000130,Student_013,ASM001,Q0028,varies,True,,2025-08-05T00:00:00
R000131,Student_014,ASM001,Q0040,varies,True,,2025-08-05T00:00:00
R000132,Student_014,ASM001,Q0042,varies,True,,2025-08-05T00:00:00
R000133,Student_014,ASM001,Q0003,varies,True,,2025-08-05T00:00:00
R000134,Student_014,ASM001,Q0049,incorrect_unit_conversion,False,unit_conversion,2025-08-05T00:00:00
R000135,Student_014,ASM001,Q0051,varies,True,,2025-08-05T00:00:00
R000136,Student_014,ASM001,Q0045,varies,True,,2025-08-05T00:00:00
R000137,Student_014,ASM001,Q0034,varies,True,,2025-08-05T00:00:00
R000138,Student_014,ASM001,Q0036,varies,True,,2025-08-05T00:00:00
R000139,Student_014,ASM001,Q0041,incorrect_arithmetic,False,arithmetic,2025-08-05T00:00:00
R000140,Student_014,ASM001,Q0028,varies,True,,2025-08-05T00:00:00
R000141,Student_015,ASM001,Q0040,incorrect_conceptual,False,conceptual,2025-08-05T00:00:00
R000142,Student_015,ASM001,Q0042,varies,True,,2025-08-05T00:00:00
R000143,Student_015,ASM001,Q0003,incorrect_denominator_handling,False,denominator_handling,2025-08-05T00:00:00
R000144,Student_015,ASM001,Q0049,varies,True,,2025-08-05T00:00:00
R000145,Student_015,ASM001,Q0051,varies,True,,2025-08-05T00:00:00
R000146,Student_015,ASM001,Q0045,varies,True,,2025-08-05T00:00:00
R000147,Student_015,ASM001,Q0034,varies,True,,2025-08-05T00:00:00
R000148,Student_015,ASM001,Q0036,incorrect_conceptual,False,conceptual,2025-08-05T00:00:00
R000149,Student_015,ASM001,Q0041,incorrect_arithmetic,False,arithmetic,2025-08-05T00:00:00
R000150,Student_015,ASM001,Q0028,incorrect_careless,False,careless,2025-08-05T00:00:00
R000151,Student_016,ASM001,Q0040,varies,True,,2025-08-05T00:00:00
R000152,Student_016,ASM001,Q0042,incorrect_careless,False,careless,2025-08-05T00:00:00
R000153,Student_016,ASM001,Q0003,incorrect_simplification,False,simplification,2025-08-05T00:00:00
R000154,Student_016,ASM001,Q0049,incorrect_arithmetic,False,arithmetic,2025-08-05T00:00:00
R000155,Student_016,ASM001,Q0051,varies,True,,2025-08-05T00:00:00
R000156,Student_016,ASM001,Q0045,varies,True,,2025-08-05T00:00:00
R000157,Student_016,ASM001,Q0034,incorrect_conceptual,False,conceptual,2025-08-05T00:00:00
R000158,Student_016,ASM001,Q0036,varies,True,,2025-08-05T00:00:00
R000159,Student_016,ASM001,Q0041,varies,True,,2025-08-05T00:00:00
R000160,Student_016,ASM001,Q0028,varies,True,,2025-08-05T00:00:00
R000161,Student_017,ASM001,Q0040,varies,True,,2025-08-05T00:00:00
R000162,Student_017,ASM001,Q0042,varies,True,,2025-08-05T00:00:00
R000163,Student_017,ASM001,Q0003,varies,True,,2025-08-05T00:00:00
R000164,Student_017,ASM001,Q0049,varies,True,,2025-08-05T00:00:00
R000165,Student_017,ASM001,Q0051,varies,True,,2025-08-05T00:00:00
R000166,Student_017,ASM001,Q0045,varies,True,,2025-08-05T00:00:00
R000167,Student_017,ASM001,Q0034,varies,True,,2025-08-05T00:00:00
R000168,Student_017,ASM001,Q0036,varies,True,,2025-08-05T00:00:00
R000169,Student_017,ASM001,Q0041,varies,True,,2025-08-05T00:00:00
R000170,Student_017,ASM001,Q0028,varies,True,,2025-08-05T00:00:00
R000171,Student_018,ASM001,Q0040,varies,True,,2025-08-05T00:00:00
R000172,Student_018,ASM001,Q0042,varies,True,,2025-08-05T00:00:00
R000173,Student_018,ASM001,Q0003,incorrect_denominator_handling,False,denominator_handling,2025-08-05T00:00:00
R000174,Student_018,ASM001,Q0049,incorrect_arithmetic,False,arithmetic,2025-08-05T00:00:00
R000175,Student_018,ASM001,Q0051,varies,True,,2025-08-05T00:00:00
R000176,Student_018,ASM001,Q0045,varies,True,,2025-08-05T00:00:00
R000177,Student_018,ASM001,Q0034,incorrect_careless,False,careless,2025-08-05T00:00:00
R000178,Student_018,ASM001,Q0036,incorrect_careless,False,careless,2025-08-05T00:00:00
R000179,Student_018,ASM001,Q0041,varies,True,,2025-08-05T00:00:00
R000180,Student_018,ASM001,Q0028,varies,True,,2025-08-05T00:00:00
R000181,Student_019,ASM001,Q0040,varies,True,,2025-08-05T00:00:00
R000182,Student_019,ASM001,Q0042,varies,True,,2025-08-05T00:00:00
R000183,Student_019,ASM001,Q0003,varies,True,,2025-08-05T00:00:00
R000184,Student_019,ASM001,Q0049,varies,True,,2025-08-05T00:00:00
R000185,Student_019,ASM001,Q0051,varies,True,,2025-08-05T00:00:00
R000186,Student_019,ASM001,Q0045,varies,True,,2025-08-05T00:00:00
R000187,Student_019,ASM001,Q0034,varies,True,,2025-08-05T00:00:00
R000188,Student_019,ASM001,Q0036,varies,True,,2025-08-05T00:00:00
R000189,Student_019,ASM001,Q0041,varies,True,,2025-08-05T00:00:00
R000190,Student_019,ASM001,Q0028,varies,True,,2025-08-05T00:00:00
R000191,Student_020,ASM001,Q0040,varies,True,,2025-08-05T00:00:00
R000192,Student_020,ASM001,Q0042,varies,True,,2025-08-05T00:00:00
R000193,Student_020,ASM001,Q0003,incorrect_denominator_handling,False,denominator_handling,2025-08-05T00:00:00
R000194,Student_020,ASM001,Q0049,varies,True,,2025-08-05T00:00:00
R000195,Student_020,ASM001,Q0051,incorrect_unit_conversion,False,unit_conversion,2025-08-05T00:00:00
R000196,Student_020,ASM001,Q0045,varies,True,,2025-08-05T00:00:00
R000197,Student_020,ASM001,Q0034,varies,True,,2025-08-05T00:00:00
R000198,Student_020,ASM001,Q0036,varies,True,,2025-08-05T00:00:00
R000199,Student_020,ASM001,Q0041,incorrect_careless,False,careless,2025-08-05T00:00:00
R000200,Student_020,ASM001,Q0028,varies,True,,2025-08-05T00:00:00
R000201,Student_001,ASM002,Q0037,varies,True,,2025-08-26T00:00:00
R000202,Student_001,ASM002,Q0001,varies,True,,2025-08-26T00:00:00
R000203,Student_001,ASM002,Q0048,varies,True,,2025-08-26T00:00:00
R000204,Student_001,ASM002,Q0056,varies,True,,2025-08-26T00:00:00
R000205,Student_001,ASM002,Q0024,varies,True,,2025-08-26T00:00:00
R000206,Student_001,ASM002,Q0047,varies,True,,2025-08-26T00:00:00
R000207,Student_001,ASM002,Q0036,incorrect_formula_selection,False,formula_selection,2025-08-26T00:00:00
R000208,Student_001,ASM002,Q0029,varies,True,,2025-08-26T00:00:00
R000209,Student_001,ASM002,Q0050,varies,True,,2025-08-26T00:00:00
R000210,Student_001,ASM002,Q0033,varies,True,,2025-08-26T00:00:00
R000211,Student_002,ASM002,Q0037,varies,True,,2025-08-26T00:00:00
R000212,Student_002,ASM002,Q0001,varies,True,,2025-08-26T00:00:00
R000213,Student_002,ASM002,Q0048,varies,True,,2025-08-26T00:00:00
R000214,Student_002,ASM002,Q0056,incorrect_careless,False,careless,2025-08-26T00:00:00
R000215,Student_002,ASM002,Q0024,varies,True,,2025-08-26T00:00:00
R000216,Student_002,ASM002,Q0047,varies,True,,2025-08-26T00:00:00
R000217,Student_002,ASM002,Q0036,varies,True,,2025-08-26T00:00:00
R000218,Student_002,ASM002,Q0029,varies,True,,2025-08-26T00:00:00
R000219,Student_002,ASM002,Q0050,varies,True,,2025-08-26T00:00:00
R000220,Student_002,ASM002,Q0033,varies,True,,2025-08-26T00:00:00
R000221,Student_003,ASM002,Q0037,incorrect_arithmetic,False,arithmetic,2025-08-26T00:00:00
R000222,Student_003,ASM002,Q0001,incorrect_denominator_handling,False,denominator_handling,2025-08-26T00:00:00
R000223,Student_003,ASM002,Q0048,incorrect_unit_conversion,False,unit_conversion,2025-08-26T00:00:00
R000224,Student_003,ASM002,Q0056,varies,True,,2025-08-26T00:00:00
R000225,Student_003,ASM002,Q0024,varies,True,,2025-08-26T00:00:00
R000226,Student_003,ASM002,Q0047,varies,True,,2025-08-26T00:00:00
R000227,Student_003,ASM002,Q0036,varies,True,,2025-08-26T00:00:00
R000228,Student_003,ASM002,Q0029,varies,True,,2025-08-26T00:00:00
R000229,Student_003,ASM002,Q0050,incorrect_arithmetic,False,arithmetic,2025-08-26T00:00:00
R000230,Student_003,ASM002,Q0033,varies,True,,2025-08-26T00:00:00
R000231,Student_004,ASM002,Q0037,varies,True,,2025-08-26T00:00:00
R000232,Student_004,ASM002,Q0001,incorrect_denominator_handling,False,denominator_handling,2025-08-26T00:00:00
R000233,Student_004,ASM002,Q0048,varies,True,,2025-08-26T00:00:00
R000234,Student_004,ASM002,Q0056,varies,True,,2025-08-26T00:00:00
R000235,Student_004,ASM002,Q0024,varies,True,,2025-08-26T00:00:00
R000236,Student_004,ASM002,Q0047,varies,True,,2025-08-26T00:00:00
R000237,Student_004,ASM002,Q0036,incorrect_arithmetic,False,arithmetic,2025-08-26T00:00:00
R000238,Student_004,ASM002,Q0029,varies,True,,2025-08-26T00:00:00
R000239,Student_004,ASM002,Q0050,varies,True,,2025-08-26T00:00:00
R000240,Student_004,ASM002,Q0033,varies,True,,2025-08-26T00:00:00
R000241,Student_005,ASM002,Q0037,varies,True,,2025-08-26T00:00:00
R000242,Student_005,ASM002,Q0001,varies,True,,2025-08-26T00:00:00
R000243,Student_005,ASM002,Q0048,varies,True,,2025-08-26T00:00:00
R000244,Student_005,ASM002,Q0056,varies,True,,2025-08-26T00:00:00
R000245,Student_005,ASM002,Q0024,varies,True,,2025-08-26T00:00:00
R000246,Student_005,ASM002,Q0047,varies,True,,2025-08-26T00:00:00
R000247,Student_005,ASM002,Q0036,varies,True,,2025-08-26T00:00:00
R000248,Student_005,ASM002,Q0029,varies,True,,2025-08-26T00:00:00
R000249,Student_005,ASM002,Q0050,varies,True,,2025-08-26T00:00:00
R000250,Student_005,ASM002,Q0033,varies,True,,2025-08-26T00:00:00
R000251,Student_006,ASM002,Q0037,varies,True,,2025-08-26T00:00:00
R000252,Student_006,ASM002,Q0001,varies,True,,2025-08-26T00:00:00
R000253,Student_006,ASM002,Q0048,varies,True,,2025-08-26T00:00:00
R000254,Student_006,ASM002,Q0056,varies,True,,2025-08-26T00:00:00
R000255,Student_006,ASM002,Q0024,varies,True,,2025-08-26T00:00:00
R000256,Student_006,ASM002,Q0047,varies,True,,2025-08-26T00:00:00
R000257,Student_006,ASM002,Q0036,varies,True,,2025-08-26T00:00:00
R000258,Student_006,ASM002,Q0029,varies,True,,2025-08-26T00:00:00
R000259,Student_006,ASM002,Q0050,varies,True,,2025-08-26T00:00:00
R000260,Student_006,ASM002,Q0033,varies,True,,2025-08-26T00:00:00
R000261,Student_007,ASM002,Q0037,varies,True,,2025-08-26T00:00:00
R000262,Student_007,ASM002,Q0001,varies,True,,2025-08-26T00:00:00
R000263,Student_007,ASM002,Q0048,varies,True,,2025-08-26T00:00:00
R000264,Student_007,ASM002,Q0056,varies,True,,2025-08-26T00:00:00
R000265,Student_007,ASM002,Q0024,varies,True,,2025-08-26T00:00:00
R000266,Student_007,ASM002,Q0047,varies,True,,2025-08-26T00:00:00
R000267,Student_007,ASM002,Q0036,incorrect_careless,False,careless,2025-08-26T00:00:00
R000268,Student_007,ASM002,Q0029,incorrect_formula_selection,False,formula_selection,2025-08-26T00:00:00
R000269,Student_007,ASM002,Q0050,varies,True,,2025-08-26T00:00:00
R000270,Student_007,ASM002,Q0033,varies,True,,2025-08-26T00:00:00
R000271,Student_008,ASM002,Q0037,varies,True,,2025-08-26T00:00:00
R000272,Student_008,ASM002,Q0001,varies,True,,2025-08-26T00:00:00
R000273,Student_008,ASM002,Q0048,varies,True,,2025-08-26T00:00:00
R000274,Student_008,ASM002,Q0056,incorrect_arithmetic,False,arithmetic,2025-08-26T00:00:00
R000275,Student_008,ASM002,Q0024,varies,True,,2025-08-26T00:00:00
R000276,Student_008,ASM002,Q0047,varies,True,,2025-08-26T00:00:00
R000277,Student_008,ASM002,Q0036,varies,True,,2025-08-26T00:00:00
R000278,Student_008,ASM002,Q0029,varies,True,,2025-08-26T00:00:00
R000279,Student_008,ASM002,Q0050,varies,True,,2025-08-26T00:00:00
R000280,Student_008,ASM002,Q0033,varies,True,,2025-08-26T00:00:00
R000281,Student_009,ASM002,Q0037,varies,True,,2025-08-26T00:00:00
R000282,Student_009,ASM002,Q0001,incorrect_arithmetic,False,arithmetic,2025-08-26T00:00:00
R000283,Student_009,ASM002,Q0048,varies,True,,2025-08-26T00:00:00
R000284,Student_009,ASM002,Q0056,incorrect_careless,False,careless,2025-08-26T00:00:00
R000285,Student_009,ASM002,Q0024,varies,True,,2025-08-26T00:00:00
R000286,Student_009,ASM002,Q0047,varies,True,,2025-08-26T00:00:00
R000287,Student_009,ASM002,Q0036,varies,True,,2025-08-26T00:00:00
R000288,Student_009,ASM002,Q0029,varies,True,,2025-08-26T00:00:00
R000289,Student_009,ASM002,Q0050,incorrect_careless,False,careless,2025-08-26T00:00:00
R000290,Student_009,ASM002,Q0033,varies,True,,2025-08-26T00:00:00
R000291,Student_010,ASM002,Q0037,incorrect_conceptual,False,conceptual,2025-08-26T00:00:00
R000292,Student_010,ASM002,Q0001,varies,True,,2025-08-26T00:00:00
R000293,Student_010,ASM002,Q0048,varies,True,,2025-08-26T00:00:00
R000294,Student_010,ASM002,Q0056,varies,True,,2025-08-26T00:00:00
R000295,Student_010,ASM002,Q0024,varies,True,,2025-08-26T00:00:00
R000296,Student_010,ASM002,Q0047,varies,True,,2025-08-26T00:00:00
R000297,Student_010,ASM002,Q0036,varies,True,,2025-08-26T00:00:00
R000298,Student_010,ASM002,Q0029,varies,True,,2025-08-26T00:00:00
R000299,Student_010,ASM002,Q0050,varies,True,,2025-08-26T00:00:00
R000300,Student_010,ASM002,Q0033,varies,True,,2025-08-26T00:00:00
R000301,Student_011,ASM002,Q0037,varies,True,,2025-08-26T00:00:00
R000302,Student_011,ASM002,Q0001,varies,True,,2025-08-26T00:00:00
R000303,Student_011,ASM002,Q0048,varies,True,,2025-08-26T00:00:00
R000304,Student_011,ASM002,Q0056,varies,True,,2025-08-26T00:00:00
R000305,Student_011,ASM002,Q0024,varies,True,,2025-08-26T00:00:00
R000306,Student_011,ASM002,Q0047,varies,True,,2025-08-26T00:00:00
R000307,Student_011,ASM002,Q0036,varies,True,,2025-08-26T00:00:00
R000308,Student_011,ASM002,Q0029,varies,True,,2025-08-26T00:00:00
R000309,Student_011,ASM002,Q0050,varies,True,,2025-08-26T00:00:00
R000310,Student_011,ASM002,Q0033,varies,True,,2025-08-26T00:00:00
R000311,Student_012,ASM002,Q0037,varies,True,,2025-08-26T00:00:00
R000312,Student_012,ASM002,Q0001,varies,True,,2025-08-26T00:00:00
R000313,Student_012,ASM002,Q0048,varies,True,,2025-08-26T00:00:00
R000314,Student_012,ASM002,Q0056,varies,True,,2025-08-26T00:00:00
R000315,Student_012,ASM002,Q0024,varies,True,,2025-08-26T00:00:00
R000316,Student_012,ASM002,Q0047,varies,True,,2025-08-26T00:00:00
R000317,Student_012,ASM002,Q0036,incorrect_careless,False,careless,2025-08-26T00:00:00
R000318,Student_012,ASM002,Q0029,varies,True,,2025-08-26T00:00:00
R000319,Student_012,ASM002,Q0050,varies,True,,2025-08-26T00:00:00
R000320,Student_012,ASM002,Q0033,varies,True,,2025-08-26T00:00:00
R000321,Student_013,ASM002,Q0037,varies,True,,2025-08-26T00:00:00
R000322,Student_013,ASM002,Q0001,varies,True,,2025-08-26T00:00:00
R000323,Student_013,ASM002,Q0048,varies,True,,2025-08-26T00:00:00
R000324,Student_013,ASM002,Q0056,varies,True,,2025-08-26T00:00:00
R000325,Student_013,ASM002,Q0024,varies,True,,2025-08-26T00:00:00
R000326,Student_013,ASM002,Q0047,varies,True,,2025-08-26T00:00:00
R000327,Student_013,ASM002,Q0036,incorrect_arithmetic,False,arithmetic,2025-08-26T00:00:00
R000328,Student_013,ASM002,Q0029,varies,True,,2025-08-26T00:00:00
R000329,Student_013,ASM002,Q0050,varies,True,,2025-08-26T00:00:00
R000330,Student_013,ASM002,Q0033,incorrect_arithmetic,False,arithmetic,2025-08-26T00:00:00
R000331,Student_014,ASM002,Q0037,varies,True,,2025-08-26T00:00:00
R000332,Student_014,ASM002,Q0001,varies,True,,2025-08-26T00:00:00
R000333,Student_014,ASM002,Q0048,varies,True,,2025-08-26T00:00:00
R000334,Student_014,ASM002,Q0056,varies,True,,2025-08-26T00:00:00
R000335,Student_014,ASM002,Q0024,varies,True,,2025-08-26T00:00:00
R000336,Student_014,ASM002,Q0047,varies,True,,2025-08-26T00:00:00
R000337,Student_014,ASM002,Q0036,varies,True,,2025-08-26T00:00:00
R000338,Student_014,ASM002,Q0029,incorrect_conceptual,False,conceptual,2025-08-26T00:00:00
R000339,Student_014,ASM002,Q0050,incorrect_arithmetic,False,arithmetic,2025-08-26T00:00:00
R000340,Student_014,ASM002,Q0033,varies,True,,2025-08-26T00:00:00
R000341,Student_015,ASM002,Q0037,varies,True,,2025-08-26T00:00:00
R000342,Student_015,ASM002,Q0001,varies,True,,2025-08-26T00:00:00
R000343,Student_015,ASM002,Q0048,varies,True,,2025-08-26T00:00:00
R000344,Student_015,ASM002,Q0056,varies,True,,2025-08-26T00:00:00
R000345,Student_015,ASM002,Q0024,varies,True,,2025-08-26T00:00:00
R000346,Student_015,ASM002,Q0047,incorrect_unit_conversion,False,unit_conversion,2025-08-26T00:00:00
R000347,Student_015,ASM002,Q0036,varies,True,,2025-08-26T00:00:00
R000348,Student_015,ASM002,Q0029,varies,True,,2025-08-26T00:00:00
R000349,Student_015,ASM002,Q0050,varies,True,,2025-08-26T00:00:00
R000350,Student_015,ASM002,Q0033,incorrect_arithmetic,False,arithmetic,2025-08-26T00:00:00
R000351,Student_016,ASM002,Q0037,varies,True,,2025-08-26T00:00:00
R000352,Student_016,ASM002,Q0001,varies,True,,2025-08-26T00:00:00
R000353,Student_016,ASM002,Q0048,varies,True,,2025-08-26T00:00:00
R000354,Student_016,ASM002,Q0056,varies,True,,2025-08-26T00:00:00
R000355,Student_016,ASM002,Q0024,varies,True,,2025-08-26T00:00:00
R000356,Student_016,ASM002,Q0047,varies,True,,2025-08-26T00:00:00
R000357,Student_016,ASM002,Q0036,incorrect_conceptual,False,conceptual,2025-08-26T00:00:00
R000358,Student_016,ASM002,Q0029,varies,True,,2025-08-26T00:00:00
R000359,Student_016,ASM002,Q0050,varies,True,,2025-08-26T00:00:00
R000360,Student_016,ASM002,Q0033,varies,True,,2025-08-26T00:00:00
R000361,Student_017,ASM002,Q0037,varies,True,,2025-08-26T00:00:00
R000362,Student_017,ASM002,Q0001,varies,True,,2025-08-26T00:00:00
R000363,Student_017,ASM002,Q0048,varies,True,,2025-08-26T00:00:00
R000364,Student_017,ASM002,Q0056,varies,True,,2025-08-26T00:00:00
R000365,Student_017,ASM002,Q0024,varies,True,,2025-08-26T00:00:00
R000366,Student_017,ASM002,Q0047,varies,True,,2025-08-26T00:00:00
R000367,Student_017,ASM002,Q0036,varies,True,,2025-08-26T00:00:00
R000368,Student_017,ASM002,Q0029,varies,True,,2025-08-26T00:00:00
R000369,Student_017,ASM002,Q0050,varies,True,,2025-08-26T00:00:00
R000370,Student_017,ASM002,Q0033,varies,True,,2025-08-26T00:00:00
R000371,Student_018,ASM002,Q0037,varies,True,,2025-08-26T00:00:00
R000372,Student_018,ASM002,Q0001,varies,True,,2025-08-26T00:00:00
R000373,Student_018,ASM002,Q0048,varies,True,,2025-08-26T00:00:00
R000374,Student_018,ASM002,Q0056,varies,True,,2025-08-26T00:00:00
R000375,Student_018,ASM002,Q0024,varies,True,,2025-08-26T00:00:00
R000376,Student_018,ASM002,Q0047,varies,True,,2025-08-26T00:00:00
R000377,Student_018,ASM002,Q0036,varies,True,,2025-08-26T00:00:00
R000378,Student_018,ASM002,Q0029,varies,True,,2025-08-26T00:00:00
R000379,Student_018,ASM002,Q0050,varies,True,,2025-08-26T00:00:00
R000380,Student_018,ASM002,Q0033,varies,True,,2025-08-26T00:00:00
R000381,Student_019,ASM002,Q0037,varies,True,,2025-08-26T00:00:00
R000382,Student_019,ASM002,Q0001,varies,True,,2025-08-26T00:00:00
R000383,Student_019,ASM002,Q0048,varies,True,,2025-08-26T00:00:00
R000384,Student_019,ASM002,Q0056,varies,True,,2025-08-26T00:00:00
R000385,Student_019,ASM002,Q0024,varies,True,,2025-08-26T00:00:00
R000386,Student_019,ASM002,Q0047,varies,True,,2025-08-26T00:00:00
R000387,Student_019,ASM002,Q0036,incorrect_sign_error,False,sign_error,2025-08-26T00:00:00
R000388,Student_019,ASM002,Q0029,varies,True,,2025-08-26T00:00:00
R000389,Student_019,ASM002,Q0050,varies,True,,2025-08-26T00:00:00
R000390,Student_019,ASM002,Q0033,incorrect_sign_error,False,sign_error,2025-08-26T00:00:00
R000391,Student_020,ASM002,Q0037,varies,True,,2025-08-26T00:00:00
R000392,Student_020,ASM002,Q0001,varies,True,,2025-08-26T00:00:00
R000393,Student_020,ASM002,Q0048,varies,True,,2025-08-26T00:00:00
R000394,Student_020,ASM002,Q0056,incorrect_conceptual,False,conceptual,2025-08-26T00:00:00
R000395,Student_020,ASM002,Q0024,incorrect_careless,False,careless,2025-08-26T00:00:00
R000396,Student_020,ASM002,Q0047,varies,True,,2025-08-26T00:00:00
R000397,Student_020,ASM002,Q0036,varies,True,,2025-08-26T00:00:00
R000398,Student_020,ASM002,Q0029,varies,True,,2025-08-26T00:00:00
R000399,Student_020,ASM002,Q0050,varies,True,,2025-08-26T00:00:00
R000400,Student_020,ASM002,Q0033,varies,True,,2025-08-26T00:00:00
R000401,Student_001,ASM003,Q0048,varies,True,,2025-09-16T00:00:00
R000402,Student_001,ASM003,Q0019,varies,True,,2025-09-16T00:00:00
R000403,Student_001,ASM003,Q0057,varies,True,,2025-09-16T00:00:00
R000404,Student_001,ASM003,Q0014,varies,True,,2025-09-16T00:00:00
R000405,Student_001,ASM003,Q0038,varies,True,,2025-09-16T00:00:00
R000406,Student_001,ASM003,Q0024,incorrect_careless,False,careless,2025-09-16T00:00:00
R000407,Student_001,ASM003,Q0007,varies,True,,2025-09-16T00:00:00
R000408,Student_001,ASM003,Q0029,varies,True,,2025-09-16T00:00:00
R000409,Student_001,ASM003,Q0013,varies,True,,2025-09-16T00:00:00
R000410,Student_001,ASM003,Q0034,varies,True,,2025-09-16T00:00:00
R000411,Student_002,ASM003,Q0048,varies,True,,2025-09-16T00:00:00
R000412,Student_002,ASM003,Q0019,varies,True,,2025-09-16T00:00:00
R000413,Student_002,ASM003,Q0057,varies,True,,2025-09-16T00:00:00
R000414,Student_002,ASM003,Q0014,varies,True,,2025-09-16T00:00:00
R000415,Student_002,ASM003,Q0038,incorrect_arithmetic,False,arithmetic,2025-09-16T00:00:00
R000416,Student_002,ASM003,Q0024,varies,True,,2025-09-16T00:00:00
R000417,Student_002,ASM003,Q0007,incorrect_denominator_handling,False,denominator_handling,2025-09-16T00:00:00
R000418,Student_002,ASM003,Q0029,varies,True,,2025-09-16T00:00:00
R000419,Student_002,ASM003,Q0013,incorrect_arithmetic,False,arithmetic,2025-09-16T00:00:00
R000420,Student_002,ASM003,Q0034,incorrect_careless,False,careless,2025-09-16T00:00:00
R000421,Student_003,ASM003,Q0048,incorrect_arithmetic,False,arithmetic,2025-09-16T00:00:00
R000422,Student_003,ASM003,Q0019,varies,True,,2025-09-16T00:00:00
R000423,Student_003,ASM003,Q0057,varies,True,,2025-09-16T00:00:00
R000424,Student_003,ASM003,Q0014,varies,True,,2025-09-16T00:00:00
R000425,Student_003,ASM003,Q0038,varies,True,,2025-09-16T00:00:00
R000426,Student_003,ASM003,Q0024,varies,True,,2025-09-16T00:00:00
R000427,Student_003,ASM003,Q0007,incorrect_denominator_handling,False,denominator_handling,2025-09-16T00:00:00
R000428,Student_003,ASM003,Q0029,varies,True,,2025-09-16T00:00:00
R000429,Student_003,ASM003,Q0013,varies,True,,2025-09-16T00:00:00
R000430,Student_003,ASM003,Q0034,varies,True,,2025-09-16T00:00:00
R000431,Student_004,ASM003,Q0048,varies,True,,2025-09-16T00:00:00
R000432,Student_004,ASM003,Q0019,varies,True,,2025-09-16T00:00:00
R000433,Student_004,ASM003,Q0057,incorrect_conceptual,False,conceptual,2025-09-16T00:00:00
R000434,Student_004,ASM003,Q0014,varies,True,,2025-09-16T00:00:00
R000435,Student_004,ASM003,Q0038,incorrect_careless,False,careless,2025-09-16T00:00:00
R000436,Student_004,ASM003,Q0024,varies,True,,2025-09-16T00:00:00
R000437,Student_004,ASM003,Q0007,varies,True,,2025-09-16T00:00:00
R000438,Student_004,ASM003,Q0029,varies,True,,2025-09-16T00:00:00
R000439,Student_004,ASM003,Q0013,varies,True,,2025-09-16T00:00:00
R000440,Student_004,ASM003,Q0034,incorrect_conceptual,False,conceptual,2025-09-16T00:00:00
R000441,Student_005,ASM003,Q0048,varies,True,,2025-09-16T00:00:00
R000442,Student_005,ASM003,Q0019,varies,True,,2025-09-16T00:00:00
R000443,Student_005,ASM003,Q0057,varies,True,,2025-09-16T00:00:00
R000444,Student_005,ASM003,Q0014,varies,True,,2025-09-16T00:00:00
R000445,Student_005,ASM003,Q0038,varies,True,,2025-09-16T00:00:00
R000446,Student_005,ASM003,Q0024,varies,True,,2025-09-16T00:00:00
R000447,Student_005,ASM003,Q0007,varies,True,,2025-09-16T00:00:00
R000448,Student_005,ASM003,Q0029,varies,True,,2025-09-16T00:00:00
R000449,Student_005,ASM003,Q0013,varies,True,,2025-09-16T00:00:00
R000450,Student_005,ASM003,Q0034,varies,True,,2025-09-16T00:00:00
R000451,Student_006,ASM003,Q0048,varies,True,,2025-09-16T00:00:00
R000452,Student_006,ASM003,Q0019,varies,True,,2025-09-16T00:00:00
R000453,Student_006,ASM003,Q0057,varies,True,,2025-09-16T00:00:00
R000454,Student_006,ASM003,Q0014,incorrect_simplification,False,simplification,2025-09-16T00:00:00
R000455,Student_006,ASM003,Q0038,varies,True,,2025-09-16T00:00:00
R000456,Student_006,ASM003,Q0024,varies,True,,2025-09-16T00:00:00
R000457,Student_006,ASM003,Q0007,varies,True,,2025-09-16T00:00:00
R000458,Student_006,ASM003,Q0029,varies,True,,2025-09-16T00:00:00
R000459,Student_006,ASM003,Q0013,incorrect_simplification,False,simplification,2025-09-16T00:00:00
R000460,Student_006,ASM003,Q0034,incorrect_careless,False,careless,2025-09-16T00:00:00
R000461,Student_007,ASM003,Q0048,varies,True,,2025-09-16T00:00:00
R000462,Student_007,ASM003,Q0019,varies,True,,2025-09-16T00:00:00
R000463,Student_007,ASM003,Q0057,varies,True,,2025-09-16T00:00:00
R000464,Student_007,ASM003,Q0014,varies,True,,2025-09-16T00:00:00
R000465,Student_007,ASM003,Q0038,incorrect_conceptual,False,conceptual,2025-09-16T00:00:00
R000466,Student_007,ASM003,Q0024,incorrect_conceptual,False,conceptual,2025-09-16T00:00:00
R000467,Student_007,ASM003,Q0007,varies,True,,2025-09-16T00:00:00
R000468,Student_007,ASM003,Q0029,incorrect_formula_selection,False,formula_selection,2025-09-16T00:00:00
R000469,Student_007,ASM003,Q0013,varies,True,,2025-09-16T00:00:00
R000470,Student_007,ASM003,Q0034,incorrect_formula_selection,False,formula_selection,2025-09-16T00:00:00
R000471,Student_008,ASM003,Q0048,incorrect_arithmetic,False,arithmetic,2025-09-16T00:00:00
R000472,Student_008,ASM003,Q0019,incorrect_conceptual,False,conceptual,2025-09-16T00:00:00
R000473,Student_008,ASM003,Q0057,incorrect_conceptual,False,conceptual,2025-09-16T00:00:00
R000474,Student_008,ASM003,Q0014,incorrect_denominator_handling,False,denominator_handling,2025-09-16T00:00:00
R000475,Student_008,ASM003,Q0038,incorrect_conceptual,False,conceptual,2025-09-16T00:00:00
R000476,Student_008,ASM003,Q0024,varies,True,,2025-09-16T00:00:00
R000477,Student_008,ASM003,Q0007,incorrect_arithmetic,False,arithmetic,2025-09-16T00:00:00
R000478,Student_008,ASM003,Q0029,varies,True,,2025-09-16T00:00:00
R000479,Student_008,ASM003,Q0013,incorrect_simplification,False,simplification,2025-09-16T00:00:00
R000480,Student_008,ASM003,Q0034,varies,True,,2025-09-16T00:00:00
R000481,Student_009,ASM003,Q0048,varies,True,,2025-09-16T00:00:00
R000482,Student_009,ASM003,Q0019,incorrect_conceptual,False,conceptual,2025-09-16T00:00:00
R000483,Student_009,ASM003,Q0057,varies,True,,2025-09-16T00:00:00
R000484,Student_009,ASM003,Q0014,varies,True,,2025-09-16T00:00:00
R000485,Student_009,ASM003,Q0038,varies,True,,2025-09-16T00:00:00
R000486,Student_009,ASM003,Q0024,varies,True,,2025-09-16T00:00:00
R000487,Student_009,ASM003,Q0007,incorrect_simplification,False,simplification,2025-09-16T00:00:00
R000488,Student_009,ASM003,Q0029,varies,True,,2025-09-16T00:00:00
R000489,Student_009,ASM003,Q0013,varies,True,,2025-09-16T00:00:00
R000490,Student_009,ASM003,Q0034,varies,True,,2025-09-16T00:00:00
R000491,Student_010,ASM003,Q0048,varies,True,,2025-09-16T00:00:00
R000492,Student_010,ASM003,Q0019,incorrect_conceptual,False,conceptual,2025-09-16T00:00:00
R000493,Student_010,ASM003,Q0057,varies,True,,2025-09-16T00:00:00
R000494,Student_010,ASM003,Q0014,incorrect_denominator_handling,False,denominator_handling,2025-09-16T00:00:00
R000495,Student_010,ASM003,Q0038,varies,True,,2025-09-16T00:00:00
R000496,Student_010,ASM003,Q0024,incorrect_arithmetic,False,arithmetic,2025-09-16T00:00:00
R000497,Student_010,ASM003,Q0007,incorrect_denominator_handling,False,denominator_handling,2025-09-16T00:00:00
R000498,Student_010,ASM003,Q0029,varies,True,,2025-09-16T00:00:00
R000499,Student_010,ASM003,Q0013,varies,True,,2025-09-16T00:00:00
R000500,Student_010,ASM003,Q0034,incorrect_careless,False,careless,2025-09-16T00:00:00
R000501,Student_011,ASM003,Q0048,varies,True,,2025-09-16T00:00:00
R000502,Student_011,ASM003,Q0019,varies,True,,2025-09-16T00:00:00
R000503,Student_011,ASM003,Q0057,varies,True,,2025-09-16T00:00:00
R000504,Student_011,ASM003,Q0014,varies,True,,2025-09-16T00:00:00
R000505,Student_011,ASM003,Q0038,varies,True,,2025-09-16T00:00:00
R000506,Student_011,ASM003,Q0024,varies,True,,2025-09-16T00:00:00
R000507,Student_011,ASM003,Q0007,varies,True,,2025-09-16T00:00:00
R000508,Student_011,ASM003,Q0029,varies,True,,2025-09-16T00:00:00
R000509,Student_011,ASM003,Q0013,varies,True,,2025-09-16T00:00:00
R000510,Student_011,ASM003,Q0034,varies,True,,2025-09-16T00:00:00
R000511,Student_012,ASM003,Q0048,incorrect_unit_conversion,False,unit_conversion,2025-09-16T00:00:00
R000512,Student_012,ASM003,Q0019,varies,True,,2025-09-16T00:00:00
R000513,Student_012,ASM003,Q0057,varies,True,,2025-09-16T00:00:00
R000514,Student_012,ASM003,Q0014,incorrect_denominator_handling,False,denominator_handling,2025-09-16T00:00:00
R000515,Student_012,ASM003,Q0038,varies,True,,2025-09-16T00:00:00
R000516,Student_012,ASM003,Q0024,varies,True,,2025-09-16T00:00:00
R000517,Student_012,ASM003,Q0007,incorrect_denominator_handling,False,denominator_handling,2025-09-16T00:00:00
R000518,Student_012,ASM003,Q0029,varies,True,,2025-09-16T00:00:00
R000519,Student_012,ASM003,Q0013,varies,True,,2025-09-16T00:00:00
R000520,Student_012,ASM003,Q0034,varies,True,,2025-09-16T00:00:00
R000521,Student_013,ASM003,Q0048,varies,True,,2025-09-16T00:00:00
R000522,Student_013,ASM003,Q0019,varies,True,,2025-09-16T00:00:00
R000523,Student_013,ASM003,Q0057,varies,True,,2025-09-16T00:00:00
R000524,Student_013,ASM003,Q0014,varies,True,,2025-09-16T00:00:00
R000525,Student_013,ASM003,Q0038,varies,True,,2025-09-16T00:00:00
R000526,Student_013,ASM003,Q0024,varies,True,,2025-09-16T00:00:00
R000527,Student_013,ASM003,Q0007,varies,True,,2025-09-16T00:00:00
R000528,Student_013,ASM003,Q0029,incorrect_formula_selection,False,formula_selection,2025-09-16T00:00:00
R000529,Student_013,ASM003,Q0013,varies,True,,2025-09-16T00:00:00
R000530,Student_013,ASM003,Q0034,incorrect_careless,False,careless,2025-09-16T00:00:00
R000531,Student_014,ASM003,Q0048,varies,True,,2025-09-16T00:00:00
R000532,Student_014,ASM003,Q0019,varies,True,,2025-09-16T00:00:00
R000533,Student_014,ASM003,Q0057,varies,True,,2025-09-16T00:00:00
R000534,Student_014,ASM003,Q0014,incorrect_denominator_handling,False,denominator_handling,2025-09-16T00:00:00
R000535,Student_014,ASM003,Q0038,incorrect_conceptual,False,conceptual,2025-09-16T00:00:00
R000536,Student_014,ASM003,Q0024,varies,True,,2025-09-16T00:00:00
R000537,Student_014,ASM003,Q0007,varies,True,,2025-09-16T00:00:00
R000538,Student_014,ASM003,Q0029,varies,True,,2025-09-16T00:00:00
R000539,Student_014,ASM003,Q0013,varies,True,,2025-09-16T00:00:00
R000540,Student_014,ASM003,Q0034,incorrect_arithmetic,False,arithmetic,2025-09-16T00:00:00
R000541,Student_015,ASM003,Q0048,varies,True,,2025-09-16T00:00:00
R000542,Student_015,ASM003,Q0019,varies,True,,2025-09-16T00:00:00
R000543,Student_015,ASM003,Q0057,varies,True,,2025-09-16T00:00:00
R000544,Student_015,ASM003,Q0014,varies,True,,2025-09-16T00:00:00
R000545,Student_015,ASM003,Q0038,incorrect_conceptual,False,conceptual,2025-09-16T00:00:00
R000546,Student_015,ASM003,Q0024,varies,True,,2025-09-16T00:00:00
R000547,Student_015,ASM003,Q0007,incorrect_denominator_handling,False,denominator_handling,2025-09-16T00:00:00
R000548,Student_015,ASM003,Q0029,varies,True,,2025-09-16T00:00:00
R000549,Student_015,ASM003,Q0013,varies,True,,2025-09-16T00:00:00
R000550,Student_015,ASM003,Q0034,incorrect_conceptual,False,conceptual,2025-09-16T00:00:00
R000551,Student_016,ASM003,Q0048,varies,True,,2025-09-16T00:00:00
R000552,Student_016,ASM003,Q0019,varies,True,,2025-09-16T00:00:00
R000553,Student_016,ASM003,Q0057,varies,True,,2025-09-16T00:00:00
R000554,Student_016,ASM003,Q0014,varies,True,,2025-09-16T00:00:00
R000555,Student_016,ASM003,Q0038,incorrect_conceptual,False,conceptual,2025-09-16T00:00:00
R000556,Student_016,ASM003,Q0024,varies,True,,2025-09-16T00:00:00
R000557,Student_016,ASM003,Q0007,varies,True,,2025-09-16T00:00:00
R000558,Student_016,ASM003,Q0029,varies,True,,2025-09-16T00:00:00
R000559,Student_016,ASM003,Q0013,varies,True,,2025-09-16T00:00:00
R000560,Student_016,ASM003,Q0034,incorrect_arithmetic,False,arithmetic,2025-09-16T00:00:00
R000561,Student_017,ASM003,Q0048,varies,True,,2025-09-16T00:00:00
R000562,Student_017,ASM003,Q0019,varies,True,,2025-09-16T00:00:00
R000563,Student_017,ASM003,Q0057,varies,True,,2025-09-16T00:00:00
R000564,Student_017,ASM003,Q0014,varies,True,,2025-09-16T00:00:00
R000565,Student_017,ASM003,Q0038,varies,True,,2025-09-16T00:00:00
R000566,Student_017,ASM003,Q0024,varies,True,,2025-09-16T00:00:00
R000567,Student_017,ASM003,Q0007,varies,True,,2025-09-16T00:00:00
R000568,Student_017,ASM003,Q0029,varies,True,,2025-09-16T00:00:00
R000569,Student_017,ASM003,Q0013,varies,True,,2025-09-16T00:00:00
R000570,Student_017,ASM003,Q0034,varies,True,,2025-09-16T00:00:00
R000571,Student_018,ASM003,Q0048,varies,True,,2025-09-16T00:00:00
R000572,Student_018,ASM003,Q0019,varies,True,,2025-09-16T00:00:00
R000573,Student_018,ASM003,Q0057,varies,True,,2025-09-16T00:00:00
R000574,Student_018,ASM003,Q0014,incorrect_denominator_handling,False,denominator_handling,2025-09-16T00:00:00
R000575,Student_018,ASM003,Q0038,varies,True,,2025-09-16T00:00:00
R000576,Student_018,ASM003,Q0024,varies,True,,2025-09-16T00:00:00
R000577,Student_018,ASM003,Q0007,incorrect_simplification,False,simplification,2025-09-16T00:00:00
R000578,Student_018,ASM003,Q0029,varies,True,,2025-09-16T00:00:00
R000579,Student_018,ASM003,Q0013,incorrect_simplification,False,simplification,2025-09-16T00:00:00
R000580,Student_018,ASM003,Q0034,varies,True,,2025-09-16T00:00:00
R000581,Student_019,ASM003,Q0048,varies,True,,2025-09-16T00:00:00
R000582,Student_019,ASM003,Q0019,varies,True,,2025-09-16T00:00:00
R000583,Student_019,ASM003,Q0057,varies,True,,2025-09-16T00:00:00
R000584,Student_019,ASM003,Q0014,varies,True,,2025-09-16T00:00:00
R000585,Student_019,ASM003,Q0038,varies,True,,2025-09-16T00:00:00
R000586,Student_019,ASM003,Q0024,varies,True,,2025-09-16T00:00:00
R000587,Student_019,ASM003,Q0007,varies,True,,2025-09-16T00:00:00
R000588,Student_019,ASM003,Q0029,incorrect_formula_selection,False,formula_selection,2025-09-16T00:00:00
R000589,Student_019,ASM003,Q0013,incorrect_simplification,False,simplification,2025-09-16T00:00:00
R000590,Student_019,ASM003,Q0034,incorrect_arithmetic,False,arithmetic,2025-09-16T00:00:00
R000591,Student_020,ASM003,Q0048,varies,True,,2025-09-16T00:00:00
R000592,Student_020,ASM003,Q0019,incorrect_careless,False,careless,2025-09-16T00:00:00
R000593,Student_020,ASM003,Q0057,varies,True,,2025-09-16T00:00:00
R000594,Student_020,ASM003,Q0014,varies,True,,2025-09-16T00:00:00
R000595,Student_020,ASM003,Q0038,varies,True,,2025-09-16T00:00:00
R000596,Student_020,ASM003,Q0024,incorrect_arithmetic,False,arithmetic,2025-09-16T00:00:00
R000597,Student_020,ASM003,Q0007,varies,True,,2025-09-16T00:00:00
R000598,Student_020,ASM003,Q0029,varies,True,,2025-09-16T00:00:00
R000599,Student_020,ASM003,Q0013,varies,True,,2025-09-16T00:00:00
R000600,Student_020,ASM003,Q0034,incorrect_arithmetic,False,arithmetic,2025-09-16T00:00:00
